{
    "target_column": "O3 Mean",
    "window_size": 30,
    "train_samples": 4176,
    "val_samples": 895,
    "test_samples": 895,
    "epochs_trained": 88,
    "best_epoch": 73,
    "validation_metrics": {
        "mse": 4.4985053827078795e-06,
        "mae": 0.001718143752079205,
        "rmse": 0.0021209680296288957,
        "r2": 0.9021467694429177,
        "mape": 7.018062875557584
    },
    "test_metrics": {
        "mse": 4.413950102944773e-06,
        "mae": 0.0016375683882809433,
        "rmse": 0.0021009402901902693,
        "r2": 0.8798264911129894,
        "mape": 6.45967878350093
    }
}